Student / Assignment,HW 1,HW 2,Test 1,Average
Billy,88.0,85.0,87.0,86.66666666666667
Joe,72.0,68.0,70.0,70.0
Sophie,96.0,92.0,98.0,95.33333333333333
Average,85.33333333333333,81.66666666666667,85.0,84.0
